CycleDate,lastname,firstname,link,id,CycleName,electionlink,OfficeTitle,NumReports,downloadlink,istherefunding
11/04/2008,Aaronson,Burt,CFCandidateElections.aspx?cand_id=69,69,2008 Election Cycle,CFElectionFilings.aspx?elect_id=75&office_id=135&cand_id=69,"County Commissioner, Dist. 5",11,ViewReport.aspx?type=CSV-AC&file_id=1346_1353_1412_1461_1546_1653_1696_1773_1822_1868_2026,Y
11/02/2010,Abrams,Steven,CFCandidateElections.aspx?cand_id=550,550,2010 Election Cycle,CFElectionFilings.aspx?elect_id=98&office_id=141&cand_id=550,"County Commissioner, Dist. 4",6,ViewReport.aspx?type=CSV-AC&file_id=2134_2156_2208_2210_2463_2488,Y
11/04/2014,Abrams,Steven,CFCandidateElections.aspx?cand_id=550,550,2014 Election Cycle,CFElectionFilings.aspx?elect_id=123&office_id=141&cand_id=550,"County Commissioner, Dist. 4",23,ViewReport.aspx?type=CSV-AC&file_id=4308_4330_4361_4392_4430_4467_4531_4580_4628_4694_4794_4830_4892_4926_4973_5039_5122_5162_5206_5253_5277_5318_5509,Y
11/02/2010,Abrams,William,CFCandidateElections.aspx?cand_id=1787,1787,2010 Election Cycle,CFElectionFilings.aspx?elect_id=98&office_id=150&cand_id=1787,"School Board, Dist. 7",4,ViewReport.aspx?type=CSV-AC&file_id=2273_2335_2401_2629,Y
11/02/2010,Adams,John,CFCandidateElections.aspx?cand_id=1797,1797,2010 Election Cycle,CFElectionFilings.aspx?elect_id=98&office_id=146&cand_id=1797,"School Board, Dist. 3",7,ViewReport.aspx?type=CSV-AC&file_id=2298_2361_2434_2494_2495_2497_2496,Y
11/06/2012,Amero,Daniel,CFCandidateElections.aspx?cand_id=1001,1001,2012 Election Cycle,CFElectionFilings.aspx?elect_id=118&office_id=136&cand_id=1001,"County Commissioner, Dist. 1",10,ViewReport.aspx?type=CSV-AC&file_id=3010_3143_3288_3330_3543_3742_3851_3887_4025_3888,Y
11/04/2008,Anderson,Arthur,CFCandidateElections.aspx?cand_id=62,62,2008 Election Cycle,CFElectionFilings.aspx?elect_id=75&office_id=134&cand_id=62,Supervisor of Elections,7,ViewReport.aspx?type=CSV-AC&file_id=1553_1590_1626_1692_2080_2081_2046,Y
11/06/2012,Anderson,Joseph,CFCandidateElections.aspx?cand_id=2100,2100,2012 Election Cycle,CFElectionFilings.aspx?elect_id=118&office_id=213&cand_id=2100,Port of Palm Beach Group 1,6,ViewReport.aspx?type=CSV-AC&file_id=3483_3710_3822_3924_3928_4110,Y
11/08/2016,Anderson,Joseph,CFCandidateElections.aspx?cand_id=2100,2100,2016 Election Cycle,CFElectionFilings.aspx?elect_id=140&office_id=214&cand_id=2100,Port of Palm Beach Group 2,1,ViewReport.aspx?type=CSV-AC&file_id=5817,Y
11/04/2014,Anderson,Rubin,CFCandidateElections.aspx?cand_id=2341,2341,2014 Election Cycle,CFElectionFilings.aspx?elect_id=123&office_id=8&cand_id=2341,Governor,0,,
11/08/2016,Anderson,Rubin,CFCandidateElections.aspx?cand_id=2341,2341,2016 Election Cycle,CFElectionFilings.aspx?elect_id=140&office_id=139&cand_id=2341,"County Commissioner, Dist. 7",8,ViewReport.aspx?type=CSV-AC&file_id=5594_5617_5641_5669_5716_5718_5757_5820,Y
11/02/2010,Andrews,Marcia,CFCandidateElections.aspx?cand_id=1663,1663,2010 Election Cycle,CFElectionFilings.aspx?elect_id=98&office_id=149&cand_id=1663,"School Board, Dist. 6",20,ViewReport.aspx?type=CSV-AC&file_id=2157_2183_2236_2373_2374_2481_2527_2564_2604_2740_2757_2482_2756_2392_2563_2603_2652_2741_2758_2290,Y
11/04/2014,Andrews,Marcia,CFCandidateElections.aspx?cand_id=1663,1663,2014 Election Cycle,CFElectionFilings.aspx?elect_id=123&office_id=149&cand_id=1663,"School Board, Dist. 6",27,ViewReport.aspx?type=CSV-AC&file_id=4318_4351_4356_4357_4415_4449_4491_4548_4588_4641_4743_4745_4788_4787_4839_4902_4901_4949_4979_5446_5453_5448_5449_5451_5452_5450_5456,Y
11/04/2014,Argue,Betty,CFCandidateElections.aspx?cand_id=2495,2495,2014 Election Cycle,CFElectionFilings.aspx?elect_id=123&office_id=242&cand_id=2495,Indian Trail Improvement District Seat 5,20,ViewReport.aspx?type=CSV-AC&file_id=4683_4746_4747_4833_4859_4928_4982_4996_5063_5134_5133_5175_5235_5238_5283_5387_5284_5526_5525_5527,Y
11/06/2012,Bailey,Rosetta,CFCandidateElections.aspx?cand_id=2005,2005,2012 Election Cycle,CFElectionFilings.aspx?elect_id=118&office_id=148&cand_id=2005,"School Board, Dist. 5",5,ViewReport.aspx?type=CSV-AC&file_id=3159_3331_3157_3762_3556,Y
11/02/2010,Bair,Ralph,CFCandidateElections.aspx?cand_id=790,790,2010 Election Cycle,CFElectionFilings.aspx?elect_id=98&office_id=240&cand_id=790,Indian Trail Improvement District Seat 3,9,ViewReport.aspx?type=CSV-AC&file_id=2311_2379_2378_2524_2525_2607_2569_2606_2703,Y
11/04/2014,Bair,Ralph,CFCandidateElections.aspx?cand_id=790,790,2014 Election Cycle,CFElectionFilings.aspx?elect_id=123&office_id=240&cand_id=790,Indian Trail Improvement District Seat 3,16,ViewReport.aspx?type=CSV-AC&file_id=4598_4669_4744_4781_4847_4893_4934_4972_5059_5132_5190_5230_5272_5291_5388_5534,Y
11/04/2014,Ballweg,Alan,CFCandidateElections.aspx?cand_id=2497,2497,2014 Election Cycle,CFElectionFilings.aspx?elect_id=123&office_id=240&cand_id=2497,Indian Trail Improvement District Seat 3,19,ViewReport.aspx?type=CSV-AC&file_id=4750_4801_4854_4866_4953_4993_5074_5140_5231_5234_5275_5302_5401_5519_5521_5520_5529_5530_5531,Y
11/02/2010,Bantel,Charles,CFCandidateElections.aspx?cand_id=1023,1023,2010 Election Cycle,CFElectionFilings.aspx?elect_id=98&office_id=216&cand_id=1023,Port of Palm Beach Group 4,4,ViewReport.aspx?type=CSV-AC&file_id=2260_2377_2396_2480,Y
11/04/2008,Bantel,Charles,CFCandidateElections.aspx?cand_id=1023,1023,2008 Election Cycle,CFElectionFilings.aspx?elect_id=75&office_id=214&cand_id=1023,"Port of Palm Beach, Grp. 2",0,,
11/06/2012,Bantel,Charles,CFCandidateElections.aspx?cand_id=1023,1023,2012 Election Cycle,CFElectionFilings.aspx?elect_id=118&office_id=28&cand_id=1023,"State Representative, Dist. 88",0,,
11/04/2008,Barbieri,Frank,CFCandidateElections.aspx?cand_id=1066,1066,2008 Election Cycle,CFElectionFilings.aspx?elect_id=75&office_id=148&cand_id=1066,"School Board, Dist. 5",15,ViewReport.aspx?type=CSV-AC&file_id=1357_1393_1400_1402_1426_1601_1672_1589_1697_1743_1806_1837_1486_1922_2079,Y
11/06/2012,Barbieri,Frank,CFCandidateElections.aspx?cand_id=1066,1066,2012 Election Cycle,CFElectionFilings.aspx?elect_id=118&office_id=148&cand_id=1066,"School Board, Dist. 5",6,ViewReport.aspx?type=CSV-AC&file_id=2896_3032_3280_3285_3391_3874,Y
11/04/2008,Beasley,Charlotte,CFCandidateElections.aspx?cand_id=1053,1053,2008 Election Cycle,CFElectionFilings.aspx?elect_id=75&office_id=135&cand_id=1053,"County Commissioner, Dist. 5",17,ViewReport.aspx?type=CSV-AC&file_id=1370_1414_1419_1420_1343_1434_1514_1591_1715_1748_1481_1826_1866_1850_2000_1827_1963,Y
11/06/2012,Beer,Kenneth,CFCandidateElections.aspx?cand_id=2138,2138,2012 Election Cycle,CFElectionFilings.aspx?elect_id=118&office_id=144&cand_id=2138,"School Board, Dist. 1",1,ViewReport.aspx?type=CSV-AC&file_id=3935,Y
11/04/2008,Benaim,Monroe,CFCandidateElections.aspx?cand_id=180,180,2008 Election Cycle,CFElectionFilings.aspx?elect_id=75&office_id=144&cand_id=180,"School Board, Dist. 1",5,ViewReport.aspx?type=CSV-AC&file_id=1442_1525_1609_1684_1801,Y
11/06/2012,Berger,Mary Louise,CFCandidateElections.aspx?cand_id=1970,1970,2012 Election Cycle,CFElectionFilings.aspx?elect_id=118&office_id=135&cand_id=1970,"County Commissioner, Dist. 5",19,ViewReport.aspx?type=CSV-AC&file_id=3005_3012_3160_3455_3623_3781_3846_3902_3958_4007_4217_4200_4201_4202_4203_4204_4205_4206_4226,Y
11/08/2016,Berger,Mary Louise,CFCandidateElections.aspx?cand_id=1970,1970,2016 Election Cycle,CFElectionFilings.aspx?elect_id=140&office_id=135&cand_id=1970,"County Commissioner, Dist. 5",2,ViewReport.aspx?type=CSV-AC&file_id=5728_5789,Y
11/02/2010,Bernard,Mackenson,CFCandidateElections.aspx?cand_id=1598,1598,2010 Election Cycle,CFElectionFilings.aspx?elect_id=98&office_id=26&cand_id=1598,"State Representative, Dist. 84",0,,
11/06/2012,Bernard,Mackenson,CFCandidateElections.aspx?cand_id=1598,1598,2012 Election Cycle,CFElectionFilings.aspx?elect_id=118&office_id=18&cand_id=1598,"State Senator, Dist. 27",0,,
11/08/2016,Bernard,Mackenson,CFCandidateElections.aspx?cand_id=1598,1598,2016 Election Cycle,CFElectionFilings.aspx?elect_id=140&office_id=139&cand_id=1598,"County Commissioner, Dist. 7",7,ViewReport.aspx?type=CSV-AC&file_id=5586_5609_5621_5666_5699_5739_5740,Y
11/06/2012,Bittenbinder,Robert,CFCandidateElections.aspx?cand_id=2156,2156,2012 Election Cycle,CFElectionFilings.aspx?elect_id=118&office_id=144&cand_id=2156,"School Board, Dist. 1",5,ViewReport.aspx?type=CSV-AC&file_id=3613_3759_3764_3765_4111,Y
11/06/2012,Black,George,CFCandidateElections.aspx?cand_id=2127,2127,2012 Election Cycle,CFElectionFilings.aspx?elect_id=118&office_id=213&cand_id=2127,Port of Palm Beach Group 1,24,ViewReport.aspx?type=CSV-AC&file_id=3509_3786_3534_3722_3909_3910_3960_4013_3825_4190_3840_4186_4006_4188_4189_4218_4220_4222_4223_4224_4225_4177_4228_4229,Y
11/04/2008,Bock,Sharon,CFCandidateElections.aspx?cand_id=68,68,2008 Election Cycle,CFElectionFilings.aspx?elect_id=75&office_id=128&cand_id=68,Clerk of the Circuit Court,6,ViewReport.aspx?type=CSV-AC&file_id=1438_1547_1548_1596_1677_1987,Y
11/06/2012,Bock,Sharon,CFCandidateElections.aspx?cand_id=68,68,2012 Election Cycle,CFElectionFilings.aspx?elect_id=118&office_id=128&cand_id=68,Clerk of the Circuit Court,6,ViewReport.aspx?type=CSV-AC&file_id=3457_3526_3512_3726_3727_4093,Y
11/02/2010,Bonavita,August,CFCandidateElections.aspx?cand_id=1579,1579,2010 Election Cycle,CFElectionFilings.aspx?elect_id=98&office_id=212&cand_id=1579,"County Court Judge, Grp. 17",2,ViewReport.aspx?type=CSV-AC&file_id=2198_2271,Y
11/06/2012,Booras,Theodore,CFCandidateElections.aspx?cand_id=782,782,2012 Election Cycle,CFElectionFilings.aspx?elect_id=118&office_id=197&cand_id=782,"County Court Judge, Grp. 2",1,ViewReport.aspx?type=CSV-AC&file_id=3479,Y
11/06/2012,Bosso-Pardo,Sandra,CFCandidateElections.aspx?cand_id=271,271,2012 Election Cycle,CFElectionFilings.aspx?elect_id=118&office_id=196&cand_id=271,"County Court Judge, Grp. 1",1,ViewReport.aspx?type=CSV-AC&file_id=3488,Y
11/04/2014,Bradley,David,CFCandidateElections.aspx?cand_id=2368,2368,2014 Election Cycle,CFElectionFilings.aspx?elect_id=123&office_id=240&cand_id=2368,Indian Trail Improvement District Seat 3,12,ViewReport.aspx?type=CSV-AC&file_id=4368_4377_4418_4465_4522_4570_4607_4685_4699_4819_4850_4883_4965_5183,Y
11/04/2008,Bradshaw,Ric,CFCandidateElections.aspx?cand_id=63,63,2008 Election Cycle,CFElectionFilings.aspx?elect_id=75&office_id=129&cand_id=63,Sheriff,11,ViewReport.aspx?type=CSV-AC&file_id=1338_1355_1404_1398_1449_1556_1536_1642_1580_1725_1976,Y
11/06/2012,Bradshaw,Ric,CFCandidateElections.aspx?cand_id=63,63,2012 Election Cycle,CFElectionFilings.aspx?elect_id=118&office_id=129&cand_id=63,Sheriff,10,ViewReport.aspx?type=CSV-AC&file_id=2779_2885_3028_3155_3382_3468_3548_3776_4095_4098,Y
11/08/2016,Bradshaw,Ric,CFCandidateElections.aspx?cand_id=63,63,2016 Election Cycle,CFElectionFilings.aspx?elect_id=140&office_id=129&cand_id=63,Sheriff,7,ViewReport.aspx?type=CSV-AC&file_id=5601_5629_5630_5652_5695_5730_5781,Y
11/02/2010,Brandenburg,Mary,CFCandidateElections.aspx?cand_id=110,110,2010 Election Cycle,CFElectionFilings.aspx?elect_id=98&office_id=140&cand_id=110,"County Commissioner, Dist. 2",6,ViewReport.aspx?type=CSV-AC&file_id=2065_2124_2137_2177_2193_2499,Y
11/04/2008,Brandenburg,Mary,CFCandidateElections.aspx?cand_id=110,110,2008 Election Cycle,CFElectionFilings.aspx?elect_id=75&office_id=23&cand_id=110,"State Representative, Dist. 89",0,,
11/04/2008,Brecker,Barbara,CFCandidateElections.aspx?cand_id=1275,1275,2008 Election Cycle,CFElectionFilings.aspx?elect_id=75&office_id=241&cand_id=1275,Indian Trail Improvement District Seat 4,5,ViewReport.aspx?type=CSV-AC&file_id=1509_1629_1680_1905_2050,Y
11/02/2010,Brill,Karen,CFCandidateElections.aspx?cand_id=1734,1734,2010 Election Cycle,CFElectionFilings.aspx?elect_id=98&office_id=146&cand_id=1734,"School Board, Dist. 3",16,ViewReport.aspx?type=CSV-AC&file_id=2205_2206_2299_2357_2454_2514_2577_2595_2251_2417_2657_2735_2736_2737_2738_2733,Y
11/04/2014,Brill,Karen,CFCandidateElections.aspx?cand_id=1734,1734,2014 Election Cycle,CFElectionFilings.aspx?elect_id=123&office_id=146&cand_id=1734,"School Board, Dist. 3",18,ViewReport.aspx?type=CSV-AC&file_id=4304_4339_4358_4383_4420_4459_4527_4565_4595_4668_4761_4809_4824_4887_4917_4956_4978_5087,Y
11/02/2010,Brown,Jennifer,CFCandidateElections.aspx?cand_id=1743,1743,2010 Election Cycle,CFElectionFilings.aspx?elect_id=98&office_id=147&cand_id=1743,"School Board, Dist. 4",11,ViewReport.aspx?type=CSV-AC&file_id=2187_2242_2247_2370_2416_2493_2560_2596_2597_2707_2734,Y
11/02/2010,Bryson,Marni,CFCandidateElections.aspx?cand_id=1664,1664,2010 Election Cycle,CFElectionFilings.aspx?elect_id=98&office_id=202&cand_id=1664,"County Court Judge, Grp. 7",14,ViewReport.aspx?type=CSV-AC&file_id=2180_2226_2229_2241_2324_2337_2351_2445_2547_2572_2546_2653_2712_2713,Y
11/04/2008,Bucher,Susan,CFCandidateElections.aspx?cand_id=222,222,2008 Election Cycle,CFElectionFilings.aspx?elect_id=75&office_id=134&cand_id=222,Supervisor of Elections,13,ViewReport.aspx?type=CSV-AC&file_id=1360_1390_1437_1524_1632_1686_1757_1799_1793_1843_1899_1903_2034,Y
11/06/2012,Bucher,Susan,CFCandidateElections.aspx?cand_id=222,222,2012 Election Cycle,CFElectionFilings.aspx?elect_id=118&office_id=134&cand_id=222,Supervisor of Elections,7,ViewReport.aspx?type=CSV-AC&file_id=3336_3521_3610_3725_3807_3841_4059,Y
11/02/2010,Burdick,Paulette,CFCandidateElections.aspx?cand_id=290,290,2010 Election Cycle,CFElectionFilings.aspx?elect_id=98&office_id=140&cand_id=290,"County Commissioner, Dist. 2",17,ViewReport.aspx?type=CSV-AC&file_id=2119_2139_2143_2217_2320_2339_2340_2330_2439_2448_2483_2562_2601_2635_2647_2753_2755,Y
11/04/2008,Burdick,Paulette,CFCandidateElections.aspx?cand_id=290,290,2008 Election Cycle,CFElectionFilings.aspx?elect_id=75&office_id=145&cand_id=290,"School Board, Dist. 2",2,ViewReport.aspx?type=CSV-AC&file_id=1406_1828,Y
11/04/2014,Burdick,Paulette,CFCandidateElections.aspx?cand_id=290,290,2014 Election Cycle,CFElectionFilings.aspx?elect_id=123&office_id=140&cand_id=290,"County Commissioner, Dist. 2",12,ViewReport.aspx?type=CSV-AC&file_id=4277_4301_4292_4325_4353_4384_4424_4448_4517_4574_4634_5115,Y
11/02/2010,Butler,Brian,CFCandidateElections.aspx?cand_id=1686,1686,2010 Election Cycle,CFElectionFilings.aspx?elect_id=98&office_id=219&cand_id=1686,Jupiter Inlet Commission District 2,5,ViewReport.aspx?type=CSV-AC&file_id=2204_2296_2381_2441_2476,Y
11/06/2012,Butler,Brian,CFCandidateElections.aspx?cand_id=1686,1686,2012 Election Cycle,CFElectionFilings.aspx?elect_id=118&office_id=226&cand_id=1686,Palm Beach Soil & Water Conservation Group 4,0,,
11/04/2008,Carmel,Melissa,CFCandidateElections.aspx?cand_id=1271,1271,2008 Election Cycle,CFElectionFilings.aspx?elect_id=75&office_id=133&cand_id=1271,Property Appraiser,1,ViewReport.aspx?type=CSV-AC&file_id=1534,Y
11/06/2012,Carney,Peter,CFCandidateElections.aspx?cand_id=809,809,2012 Election Cycle,CFElectionFilings.aspx?elect_id=118&office_id=132&cand_id=809,Tax Collector,8,ViewReport.aspx?type=CSV-AC&file_id=3392_3565_3566_3780_4099_4100_4103_4108,Y
11/02/2010,Carroll,John,CFCandidateElections.aspx?cand_id=811,811,2010 Election Cycle,CFElectionFilings.aspx?elect_id=98&office_id=138&cand_id=811,"County Commissioner, Dist. 6",9,ViewReport.aspx?type=CSV-AC&file_id=2265_2318_2398_2474_2459_2484_2566_2592_2711,Y
11/06/2012,Castor,Frank,CFCandidateElections.aspx?cand_id=820,820,2012 Election Cycle,CFElectionFilings.aspx?elect_id=118&office_id=389&cand_id=820,"County Court Judge, Grp. 19",1,ViewReport.aspx?type=CSV-AC&file_id=3491,Y
11/02/2010,Ciklin,Blair,CFCandidateElections.aspx?cand_id=298,298,2010 Election Cycle,CFElectionFilings.aspx?elect_id=98&office_id=216&cand_id=298,Port of Palm Beach Group 4,10,ViewReport.aspx?type=CSV-AC&file_id=2158_2189_2266_2305_2397_2449_2551_2591_2626_2666,Y
11/04/2014,Ciklin,Blair,CFCandidateElections.aspx?cand_id=298,298,2014 Election Cycle,CFElectionFilings.aspx?elect_id=123&office_id=216&cand_id=298,Port of Palm Beach Group 4,12,ViewReport.aspx?type=CSV-AC&file_id=4246_4270_4297_4329_4359_4389_4425_4460_4523_4575_4639_4637,Y
11/02/2010,Cohen,Laurie,CFCandidateElections.aspx?cand_id=433,433,2010 Election Cycle,CFElectionFilings.aspx?elect_id=98&office_id=202&cand_id=433,"County Court Judge, Grp. 7",9,ViewReport.aspx?type=CSV-AC&file_id=2188_2245_2390_2404_2540_2541_2574_2614_2751,Y
11/06/2012,Cohen,Laurie,CFCandidateElections.aspx?cand_id=433,433,2012 Election Cycle,CFElectionFilings.aspx?elect_id=118&office_id=201&cand_id=433,"County Court Judge, Grp. 6",0,,
11/06/2012,Cohen,John,CFCandidateElections.aspx?cand_id=1909,1909,2012 Election Cycle,CFElectionFilings.aspx?elect_id=118&office_id=639&cand_id=1909,Northern Improvement District Seat #4,4,ViewReport.aspx?type=CSV-AC&file_id=3949_4000_4061_4128,Y
11/04/2008,Cohn,L. Marc,CFCandidateElections.aspx?cand_id=1253,1253,2008 Election Cycle,CFElectionFilings.aspx?elect_id=75&office_id=455&cand_id=1253,Northern Palm Beach County Improvement District Seat 5,14,ViewReport.aspx?type=CSV-AC&file_id=1515_1610_1655_1656_1608_1755_1818_1817_1859_1890_1912_2028_2098_2100,Y
11/04/2014,Cohn,L. Marc,CFCandidateElections.aspx?cand_id=1253,1253,2014 Election Cycle,CFElectionFilings.aspx?elect_id=123&office_id=641&cand_id=1253,Northern Improvement District Seat #3,0,,
11/06/2012,Coleman,Kevin,CFCandidateElections.aspx?cand_id=2133,2133,2012 Election Cycle,CFElectionFilings.aspx?elect_id=118&office_id=129&cand_id=2133,Sheriff,4,ViewReport.aspx?type=CSV-AC&file_id=3611_3763_3802_4088,Y
11/02/2010,Comiter,Lloyd,CFCandidateElections.aspx?cand_id=1681,1681,2010 Election Cycle,CFElectionFilings.aspx?elect_id=98&office_id=202&cand_id=1681,"County Court Judge, Grp. 7",10,ViewReport.aspx?type=CSV-AC&file_id=2178_2200_2349_2350_2315_2382_2631_2637_2642_2638,Y
11/04/2008,Corlew,Reginald,CFCandidateElections.aspx?cand_id=795,795,2008 Election Cycle,CFElectionFilings.aspx?elect_id=75&office_id=198&cand_id=795,"County Court Judge, Grp. 3",12,ViewReport.aspx?type=CSV-AC&file_id=1416_1435_1575_1652_1733_1820_1451_1576_2096_2093_2094_1959,Y
11/04/2014,Corlew,Reginald,CFCandidateElections.aspx?cand_id=795,795,2014 Election Cycle,CFElectionFilings.aspx?elect_id=123&office_id=198&cand_id=795,"County Court Judge, Grp. 3",3,ViewReport.aspx?type=CSV-AC&file_id=4561_4562_4571,Y
11/02/2010,Cunningham,Sheree,CFCandidateElections.aspx?cand_id=286,286,2010 Election Cycle,CFElectionFilings.aspx?elect_id=98&office_id=211&cand_id=286,"County Court Judge, Grp. 16",1,ViewReport.aspx?type=CSV-AC&file_id=2261,Y
11/04/2008,Curry,Patricia,CFCandidateElections.aspx?cand_id=1266,1266,2008 Election Cycle,CFElectionFilings.aspx?elect_id=75&office_id=241&cand_id=1266,Indian Trail Improvement District Seat 4,4,ViewReport.aspx?type=CSV-AC&file_id=1508_1572_1598_1887,Y
11/02/2010,Damico,Paul,CFCandidateElections.aspx?cand_id=279,279,2010 Election Cycle,CFElectionFilings.aspx?elect_id=98&office_id=204&cand_id=279,"County Court Judge, Grp. 9",3,ViewReport.aspx?type=CSV-AC&file_id=2166_2219_2250,Y
11/04/2008,Damone,Michelle,CFCandidateElections.aspx?cand_id=323,323,2008 Election Cycle,CFElectionFilings.aspx?elect_id=75&office_id=241&cand_id=323,Indian Trail Improvement District Seat 4,6,ViewReport.aspx?type=CSV-AC&file_id=1498_1573_1689_1604_2051_2092,Y
11/06/2012,Damone,Michelle,CFCandidateElections.aspx?cand_id=323,323,2012 Election Cycle,CFElectionFilings.aspx?elect_id=118&office_id=241&cand_id=323,Indian Trail Improvement District Seat 4,9,ViewReport.aspx?type=CSV-AC&file_id=3552_3757_3819_3916_3970_4005_4056_4209_4214,Y
11/08/2016,Delgado,Luis,CFCandidateElections.aspx?cand_id=2619,2619,2016 Election Cycle,CFElectionFilings.aspx?elect_id=140&office_id=210&cand_id=2619,"County Court Judge, Grp. 15",4,ViewReport.aspx?type=CSV-AC&file_id=5664_5703_5778_5819,Y
11/02/2010,Diamond,Jason,CFCandidateElections.aspx?cand_id=1748,1748,2010 Election Cycle,CFElectionFilings.aspx?elect_id=98&office_id=212&cand_id=1748,"County Court Judge, Grp. 17",1,ViewReport.aspx?type=CSV-AC&file_id=2252,Y
11/02/2010,Dickey,Karl,CFCandidateElections.aspx?cand_id=891,891,2010 Election Cycle,CFElectionFilings.aspx?elect_id=98&office_id=141&cand_id=891,"County Commissioner, Dist. 4",12,ViewReport.aspx?type=CSV-AC&file_id=2049_2048_2047_2095_2123_2144_2170_2184_2240_2586_2587_2523,Y
11/04/2008,Dickey,Karl,CFCandidateElections.aspx?cand_id=891,891,2008 Election Cycle,CFElectionFilings.aspx?elect_id=75&office_id=232&cand_id=891,"Greater Boca Raton Beach & Park District, Seat 5",9,ViewReport.aspx?type=CSV-AC&file_id=1465_1466_1467_1468_1482_1557_1631_1687_1706,Y
11/04/2014,Dickey,Karl,CFCandidateElections.aspx?cand_id=891,891,2014 Election Cycle,CFElectionFilings.aspx?elect_id=123&office_id=227&cand_id=891,Palm Beach Soil & Water Conservation Group 5,22,ViewReport.aspx?type=CSV-AC&file_id=4340_4373_4411_4451_4463_4547_4579_4672_4711_4811_4810_4864_4915_4988_5051_5123_5160_5201_5252_5282_5381_5488,Y
11/04/2014,Donaldson,Carla,CFCandidateElections.aspx?cand_id=2386,2386,2014 Election Cycle,CFElectionFilings.aspx?elect_id=123&office_id=149&cand_id=2386,"School Board, Dist. 6",12,ViewReport.aspx?type=CSV-AC&file_id=4431_4474_4542_4593_4673_4676_4697_4802_4845_4890_5412_5409,Y
11/02/2010,Dowling,Jean,CFCandidateElections.aspx?cand_id=1747,1747,2010 Election Cycle,CFElectionFilings.aspx?elect_id=98&office_id=145&cand_id=1747,"School Board, Dist. 2",6,ViewReport.aspx?type=CSV-AC&file_id=2276_2388_2431_2430_2424_2694,Y
11/04/2008,Drautz,Marc,CFCandidateElections.aspx?cand_id=995,995,2008 Election Cycle,CFElectionFilings.aspx?elect_id=75&office_id=148&cand_id=995,"School Board, Dist. 5",10,ViewReport.aspx?type=CSV-AC&file_id=1541_1542_1654_1722_2074_2071_2073_2072_2097_2075,Y
11/06/2012,Dunkley,Gary,CFCandidateElections.aspx?cand_id=839,839,2012 Election Cycle,CFElectionFilings.aspx?elect_id=118&office_id=239&cand_id=839,Indian Trail Improvement District Seat 2,10,ViewReport.aspx?type=CSV-AC&file_id=3729_3730_3828_3983_3984_4015_4030_4071_4089_4117,Y
11/02/2010,Eissey,Mark,CFCandidateElections.aspx?cand_id=278,278,2010 Election Cycle,CFElectionFilings.aspx?elect_id=98&office_id=203&cand_id=278,"County Court Judge, Grp. 8",1,ViewReport.aspx?type=CSV-AC&file_id=2259,Y
11/06/2012,Engel,Steven,CFCandidateElections.aspx?cand_id=2124,2124,2012 Election Cycle,CFElectionFilings.aspx?elect_id=118&office_id=232&cand_id=2124,Greater Boca Raton Beach & Park District Seat 5 (Outside City/ Within District),2,ViewReport.aspx?type=CSV-AC&file_id=4035_4199,Y
11/04/2008,Enright,Jean,CFCandidateElections.aspx?cand_id=297,297,2008 Election Cycle,CFElectionFilings.aspx?elect_id=75&office_id=215&cand_id=297,"Port of Palm Beach, Grp. 3",2,ViewReport.aspx?type=CSV-AC&file_id=1389_1423,Y
11/04/2014,Enright,Jean,CFCandidateElections.aspx?cand_id=297,297,2014 Election Cycle,CFElectionFilings.aspx?elect_id=123&office_id=750&cand_id=297,"U.S. Representative, Dist. 20",0,,
11/06/2012,Enright,Jean,CFCandidateElections.aspx?cand_id=297,297,2012 Election Cycle,CFElectionFilings.aspx?elect_id=118&office_id=215&cand_id=297,Port of Palm Beach Group 3,12,ViewReport.aspx?type=CSV-AC&file_id=3277_3454_3616_3621_3774_3833_3894_3973_4017_4069_4171_4196,Y
11/08/2016,Enright,Jean,CFCandidateElections.aspx?cand_id=297,297,2016 Election Cycle,CFElectionFilings.aspx?elect_id=140&office_id=215&cand_id=297,Port of Palm Beach Group 3,0,,
11/04/2008,Enriquez,Carlos,CFCandidateElections.aspx?cand_id=813,813,2008 Election Cycle,CFElectionFilings.aspx?elect_id=75&office_id=239&cand_id=813,Indian Trail Improvement District Seat 2,9,ViewReport.aspx?type=CSV-AC&file_id=1511_1619_1633_1735_1802_1821_1841_2002_2077,Y
11/06/2012,Enriquez,Carlos,CFCandidateElections.aspx?cand_id=813,813,2012 Election Cycle,CFElectionFilings.aspx?elect_id=118&office_id=239&cand_id=813,Indian Trail Improvement District Seat 2,10,ViewReport.aspx?type=CSV-AC&file_id=3577_3755_3826_3911_3977_3976_4016_3754_4192_4197,Y
11/06/2012,Epstein,Lisa,CFCandidateElections.aspx?cand_id=2088,2088,2012 Election Cycle,CFElectionFilings.aspx?elect_id=118&office_id=128&cand_id=2088,Clerk of the Circuit Court,6,ViewReport.aspx?type=CSV-AC&file_id=3325_3622_3785_3295_4124_3801,Y
11/04/2014,Erickson,Michael,CFCandidateElections.aspx?cand_id=832,832,2014 Election Cycle,CFElectionFilings.aspx?elect_id=123&office_id=238&cand_id=832,Indian Trail Improvement District Seat 1,18,ViewReport.aspx?type=CSV-AC&file_id=4663_4666_4796_4844_4888_4929_4961_5057_5135_5150_5218_5204_5203_5288_5374_5375_5372_5516,Y
11/06/2012,Evans,Peter,CFCandidateElections.aspx?cand_id=274,274,2012 Election Cycle,CFElectionFilings.aspx?elect_id=118&office_id=199&cand_id=274,"County Court Judge, Grp. 4",9,ViewReport.aspx?type=CSV-AC&file_id=3327_3481_3480_3541_3753_3852_4041_3972_4042,Y
11/08/2016,Feistmann,Esther,CFCandidateElections.aspx?cand_id=2631,2631,2016 Election Cycle,CFElectionFilings.aspx?elect_id=140&office_id=210&cand_id=2631,"County Court Judge, Grp. 15",2,ViewReport.aspx?type=CSV-AC&file_id=5711_5769,Y
11/04/2014,Foster,Kathy,CFCandidateElections.aspx?cand_id=2344,2344,2014 Election Cycle,CFElectionFilings.aspx?elect_id=123&office_id=138&cand_id=2344,"County Commissioner, Dist. 6",25,ViewReport.aspx?type=CSV-AC&file_id=4258_4265_4287_4294_4295_4369_4405_4404_4402_4403_4429_4530_4529_4609_4657_4724_4800_4799_4813_4894_4940_5000_5438_5435_5439,Y
11/08/2016,Freebold,Greg,CFCandidateElections.aspx?cand_id=988,988,2016 Election Cycle,CFElectionFilings.aspx?elect_id=140&office_id=137&cand_id=988,"County Commissioner, Dist. 3",7,ViewReport.aspx?type=CSV-AC&file_id=5602_5606_5637_5663_5677_5732_5753,Y
11/08/2016,Freeman,Alexander,CFCandidateElections.aspx?cand_id=2354,2354,2016 Election Cycle,CFElectionFilings.aspx?elect_id=140&office_id=129&cand_id=2354,Sheriff,30,ViewReport.aspx?type=CSV-AC&file_id=4283_4284_4349_4350_4410_4412_4504_4505_4540_4539_4587_4719_4911_4720_4912_5219_5430_5483_5497_5536_5535_5552_5577_5588_5626_5653_5689_5708_5735_5790,Y
11/04/2008,Frisch,Dennis,CFCandidateElections.aspx?cand_id=1265,1265,2008 Election Cycle,CFElectionFilings.aspx?elect_id=75&office_id=228&cand_id=1265,"Greater Boca Raton Beach & Park District, Seat 1",5,ViewReport.aspx?type=CSV-AC&file_id=1569_1621_1616_1711_1832,Y
11/06/2012,Frisch,Dennis,CFCandidateElections.aspx?cand_id=1265,1265,2012 Election Cycle,CFElectionFilings.aspx?elect_id=118&office_id=228&cand_id=1265,Greater Boca Raton Beach & Park District Seat 1(Within City/Within District),0,,
11/06/2012,Gaboian,Harry,CFCandidateElections.aspx?cand_id=1949,1949,2012 Election Cycle,CFElectionFilings.aspx?elect_id=118&office_id=136&cand_id=1949,"County Commissioner, Dist. 1",11,ViewReport.aspx?type=CSV-AC&file_id=2889_3009_3283_3316_3475_3476_3520_3540_3778_3829_3853,Y
11/04/2008,Gannon,Anne,CFCandidateElections.aspx?cand_id=220,220,2008 Election Cycle,CFElectionFilings.aspx?elect_id=75&office_id=132&cand_id=220,Tax Collector,4,ViewReport.aspx?type=CSV-AC&file_id=1448_1492_1494_1728,Y
11/06/2012,Gannon,Anne,CFCandidateElections.aspx?cand_id=220,220,2012 Election Cycle,CFElectionFilings.aspx?elect_id=118&office_id=132&cand_id=220,Tax Collector,19,ViewReport.aspx?type=CSV-AC&file_id=2884_3006_3081_3284_3473_3771_3769_3920_3927_3995_4038_3487_3585_3299_4155_3919_4145_4183_4181,Y
11/08/2016,Gannon,Anne,CFCandidateElections.aspx?cand_id=220,220,2016 Election Cycle,CFElectionFilings.aspx?elect_id=140&office_id=132&cand_id=220,Tax Collector,3,ViewReport.aspx?type=CSV-AC&file_id=5698_5750_5786,Y
11/06/2012,Garrison,Edward,CFCandidateElections.aspx?cand_id=262,262,2012 Election Cycle,CFElectionFilings.aspx?elect_id=118&office_id=201&cand_id=262,"County Court Judge, Grp. 6",7,ViewReport.aspx?type=CSV-AC&file_id=3161_3305_3502_3740_3815_3868_3867,Y
11/06/2012,Gershman,Robert,CFCandidateElections.aspx?cand_id=2102,2102,2012 Election Cycle,CFElectionFilings.aspx?elect_id=118&office_id=131&cand_id=2102,State Attorney,0,,
11/08/2016,Gershman,Robert,CFCandidateElections.aspx?cand_id=2102,2102,2016 Election Cycle,CFElectionFilings.aspx?elect_id=140&office_id=210&cand_id=2102,"County Court Judge, Grp. 15",2,ViewReport.aspx?type=CSV-AC&file_id=5715_5738,Y
11/02/2010,Goodman,Vincent,CFCandidateElections.aspx?cand_id=1602,1602,2010 Election Cycle,CFElectionFilings.aspx?elect_id=98&office_id=139&cand_id=1602,"County Commissioner, Dist. 7",16,ViewReport.aspx?type=CSV-AC&file_id=2129_2174_2214_2323_2391_2419_2548_2576_2620_2651_2727_2744_2747_2746_2750_2745,Y
11/08/2016,Gordon,Lawrence,CFCandidateElections.aspx?cand_id=1492,1492,2016 Election Cycle,CFElectionFilings.aspx?elect_id=140&office_id=139&cand_id=1492,"County Commissioner, Dist. 7",5,ViewReport.aspx?type=CSV-AC&file_id=5636_5649_5693_5724_5768,Y
11/02/2010,Graham,William,CFCandidateElections.aspx?cand_id=291,291,2010 Election Cycle,CFElectionFilings.aspx?elect_id=98&office_id=146&cand_id=291,"School Board, Dist. 3",14,ViewReport.aspx?type=CSV-AC&file_id=2272_2362_2400_2528_2578_2609_2610_2533_2763_2764_2363_2769_2770_2765,Y
11/04/2008,Greene,Addie,CFCandidateElections.aspx?cand_id=289,289,2008 Election Cycle,CFElectionFilings.aspx?elect_id=75&office_id=139&cand_id=289,"County Commissioner, Dist. 7",13,ViewReport.aspx?type=CSV-AC&file_id=1347_1394_1432_1521_1615_1671_1685_1731_1732_1742_1805_1849_2032,Y
11/02/2010,Grossman,Dean,CFCandidateElections.aspx?cand_id=1772,1772,2010 Election Cycle,CFElectionFilings.aspx?elect_id=98&office_id=149&cand_id=1772,"School Board, Dist. 6",10,ViewReport.aspx?type=CSV-AC&file_id=2253_2300_2399_2451_2517_2532_2558_2589_2624_2708,Y
11/02/2010,Hager,Jennifer,CFCandidateElections.aspx?cand_id=1802,1802,2010 Election Cycle,CFElectionFilings.aspx?elect_id=98&office_id=238&cand_id=1802,Indian Trail Improvement District Seat 1,0,,
11/04/2014,Hager,Jennifer,CFCandidateElections.aspx?cand_id=1802,1802,2014 Election Cycle,CFElectionFilings.aspx?elect_id=123&office_id=238&cand_id=1802,Indian Trail Improvement District Seat 1,9,ViewReport.aspx?type=CSV-AC&file_id=5186_5187_5236_5248_5264_5303_5305_5385_5523,Y
11/06/2012,Hanley,Laura Ann,CFCandidateElections.aspx?cand_id=1974,1974,2012 Election Cycle,CFElectionFilings.aspx?elect_id=118&office_id=136&cand_id=1974,"County Commissioner, Dist. 1",4,ViewReport.aspx?type=CSV-AC&file_id=3024_3279_3302_3870,Y
11/04/2008,Hansen,Mark,CFCandidateElections.aspx?cand_id=182,182,2008 Election Cycle,CFElectionFilings.aspx?elect_id=75&office_id=148&cand_id=182,"School Board, Dist. 5",11,ViewReport.aspx?type=CSV-AC&file_id=1354_1392_1463_1527_1613_1667_1754_1810_1852_1896_2027,Y
11/06/2012,Hanser,Leonard,CFCandidateElections.aspx?cand_id=1880,1880,2012 Election Cycle,CFElectionFilings.aspx?elect_id=118&office_id=205&cand_id=1880,"County Court Judge, Grp. 10",4,ViewReport.aspx?type=CSV-AC&file_id=3023_3138_3303_3504,Y
11/04/2014,Hartman,John,CFCandidateElections.aspx?cand_id=2458,2458,2014 Election Cycle,CFElectionFilings.aspx?elect_id=123&office_id=146&cand_id=2458,"School Board, Dist. 3",10,ViewReport.aspx?type=CSV-AC&file_id=4555_4592_4660_4662_4751_4851_4904_4906_4991_5459,Y
11/02/2010,Hawkins,Thomas,CFCandidateElections.aspx?cand_id=1677,1677,2010 Election Cycle,CFElectionFilings.aspx?elect_id=98&office_id=150&cand_id=1677,"School Board, Dist. 7",7,ViewReport.aspx?type=CSV-AC&file_id=2181_2232_2282_2358_2415_2359_2690,Y
11/04/2008,Heinz,Diane,CFCandidateElections.aspx?cand_id=942,942,2008 Election Cycle,CFElectionFilings.aspx?elect_id=75&office_id=133&cand_id=942,Property Appraiser,3,ViewReport.aspx?type=CSV-AC&file_id=1396_1425_1506,Y
11/06/2012,Hendrick,Kenneth,CFCandidateElections.aspx?cand_id=2148,2148,2012 Election Cycle,CFElectionFilings.aspx?elect_id=118&office_id=241&cand_id=2148,Indian Trail Improvement District Seat 4,9,ViewReport.aspx?type=CSV-AC&file_id=3499_3555_3711_3814_3886_3944_3989_4031_4140,Y
11/04/2014,Hendrix,Piaget,CFCandidateElections.aspx?cand_id=2451,2451,2014 Election Cycle,CFElectionFilings.aspx?elect_id=123&office_id=150&cand_id=2451,"School Board, Dist. 7",17,ViewReport.aspx?type=CSV-AC&file_id=4520_4535_4577_4646_4696_4792_4826_4868_4918_5464_5465_5466_5467_5468_5469_4998_5470,Y
11/04/2008,Herold,Theodore,CFCandidateElections.aspx?cand_id=785,785,2008 Election Cycle,CFElectionFilings.aspx?elect_id=75&office_id=198&cand_id=785,"County Court Judge, Grp. 3",1,ViewReport.aspx?type=CSV-AC&file_id=1381,Y
11/04/2008,Hill,Carrie,CFCandidateElections.aspx?cand_id=1089,1089,2008 Election Cycle,CFElectionFilings.aspx?elect_id=75&office_id=147&cand_id=1089,"School Board, Dist. 4",4,ViewReport.aspx?type=CSV-AC&file_id=1483_1571_1612_1970,Y
11/02/2010,Howard,Tom,CFCandidateElections.aspx?cand_id=301,301,2010 Election Cycle,CFElectionFilings.aspx?elect_id=98&office_id=219&cand_id=301,Jupiter Inlet Commission District 2,5,ViewReport.aspx?type=CSV-AC&file_id=2328_2375_2442_2376_2701,Y
11/06/2012,Howard,Michael,CFCandidateElections.aspx?cand_id=2008,2008,2012 Election Cycle,CFElectionFilings.aspx?elect_id=118&office_id=144&cand_id=2008,"School Board, Dist. 1",5,ViewReport.aspx?type=CSV-AC&file_id=3312_3470_3647_3790_4092,Y
11/08/2016,Jacks,Dorothy,CFCandidateElections.aspx?cand_id=2595,2595,2016 Election Cycle,CFElectionFilings.aspx?elect_id=140&office_id=133&cand_id=2595,Property Appraiser,6,ViewReport.aspx?type=CSV-AC&file_id=5610_5635_5651_5696_5729_5765,Y
11/02/2010,Jackson,Michael,CFCandidateElections.aspx?cand_id=815,815,2010 Election Cycle,CFElectionFilings.aspx?elect_id=98&office_id=138&cand_id=815,"County Commissioner, Dist. 6",5,ViewReport.aspx?type=CSV-AC&file_id=2195_2288_2310_2403_2702,Y
11/02/2010,Jacobs,Carol,CFCandidateElections.aspx?cand_id=827,827,2010 Election Cycle,CFElectionFilings.aspx?elect_id=98&office_id=242&cand_id=827,Indian Trail Improvement District Seat 5,0,,
11/04/2014,Jacobs,Carol,CFCandidateElections.aspx?cand_id=827,827,2014 Election Cycle,CFElectionFilings.aspx?elect_id=123&office_id=242&cand_id=827,Indian Trail Improvement District Seat 5,18,ViewReport.aspx?type=CSV-AC&file_id=4567_4586_4678_4716_4789_4841_4840_4899_4900_4974_5041_5116_5174_5216_5258_5292_5386_5484,Y
11/04/2008,Jamason,John,CFCandidateElections.aspx?cand_id=1129,1129,2008 Election Cycle,CFElectionFilings.aspx?elect_id=75&office_id=136&cand_id=1129,"County Commissioner, Dist. 1",6,ViewReport.aspx?type=CSV-AC&file_id=1453_1544_1647_1678_1930_2086,Y
11/06/2012,Jara,Stephen,CFCandidateElections.aspx?cand_id=2152,2152,2012 Election Cycle,CFElectionFilings.aspx?elect_id=118&office_id=224&cand_id=2152,Palm Beach Soil & Water Conservation Group 2,8,ViewReport.aspx?type=CSV-AC&file_id=3561_3728_3791_3901_3966_3998_4047_4152,Y
11/06/2012,Jax,Christine,CFCandidateElections.aspx?cand_id=2014,2014,2012 Election Cycle,CFElectionFilings.aspx?elect_id=118&office_id=144&cand_id=2014,"School Board, Dist. 1",9,ViewReport.aspx?type=CSV-AC&file_id=3337_3463_3550_3720_3931_3940_3978_4020_4191,Y
11/04/2008,Johnson,Laura,CFCandidateElections.aspx?cand_id=281,281,2008 Election Cycle,CFElectionFilings.aspx?elect_id=75&office_id=206&cand_id=281,"County Court Judge, Grp. 11",2,ViewReport.aspx?type=CSV-AC&file_id=1436_1485,Y
11/04/2014,Johnson,Laura,CFCandidateElections.aspx?cand_id=281,281,2014 Election Cycle,CFElectionFilings.aspx?elect_id=123&office_id=206&cand_id=281,"County Court Judge, Grp. 11",5,ViewReport.aspx?type=CSV-AC&file_id=4438_4439_4516_4492_4791,Y
11/04/2008,Johnson,Russell,CFCandidateElections.aspx?cand_id=1127,1127,2008 Election Cycle,CFElectionFilings.aspx?elect_id=75&office_id=148&cand_id=1127,"School Board, Dist. 5",1,ViewReport.aspx?type=CSV-AC&file_id=1460,Y
11/04/2008,Kanjian,Robert,CFCandidateElections.aspx?cand_id=789,789,2008 Election Cycle,CFElectionFilings.aspx?elect_id=75&office_id=137&cand_id=789,"County Commissioner, Dist. 3",19,ViewReport.aspx?type=CSV-AC&file_id=1454_1545_1554_1602_1597_1670_1747_1746_1833_1870_2043_1845_2041_2044_2036_2038_2040_2035_2078,Y
11/02/2010,Kanjian,Anne,CFCandidateElections.aspx?cand_id=1768,1768,2010 Election Cycle,CFElectionFilings.aspx?elect_id=98&office_id=147&cand_id=1768,"School Board, Dist. 4",11,ViewReport.aspx?type=CSV-AC&file_id=2306_2317_2338_2383_2384_2549_2581_2582_2623_2619_2748,Y
11/04/2014,Katz,Justin,CFCandidateElections.aspx?cand_id=2359,2359,2014 Election Cycle,CFElectionFilings.aspx?elect_id=123&office_id=147&cand_id=2359,"School Board, Dist. 4",23,ViewReport.aspx?type=CSV-AC&file_id=4273_4299_4324_4343_4352_4338_4385_4379_4393_4426_4427_4458_4538_4584_4651_4721_4793_4849_4891_4945_4976_5454_5455,Y
11/04/2014,Kelly,James,CFCandidateElections.aspx?cand_id=2383,2383,2014 Election Cycle,CFElectionFilings.aspx?elect_id=123&office_id=147&cand_id=2383,"School Board, Dist. 4",6,ViewReport.aspx?type=CSV-AC&file_id=4446_4496_4550_4572_4602_4738,Y
11/04/2014,Kerner,David,CFCandidateElections.aspx?cand_id=2020,2020,2014 Election Cycle,CFElectionFilings.aspx?elect_id=123&office_id=22&cand_id=2020,"State Representative, Dist. 87",0,,
11/06/2012,Kerner,David,CFCandidateElections.aspx?cand_id=2020,2020,2012 Election Cycle,CFElectionFilings.aspx?elect_id=118&office_id=22&cand_id=2020,"State Representative, Dist. 87",0,,
11/08/2016,Kerner,David,CFCandidateElections.aspx?cand_id=2020,2020,2016 Election Cycle,CFElectionFilings.aspx?elect_id=140&office_id=137&cand_id=2020,"County Commissioner, Dist. 3",6,ViewReport.aspx?type=CSV-AC&file_id=5628_5659_5683_5719_5776_5822,Y
11/02/2010,Key,Albert,CFCandidateElections.aspx?cand_id=1741,1741,2010 Election Cycle,CFElectionFilings.aspx?elect_id=98&office_id=26&cand_id=1741,"State Representative, Dist. 84",0,,
11/06/2012,Key,Albert,CFCandidateElections.aspx?cand_id=1741,1741,2012 Election Cycle,CFElectionFilings.aspx?elect_id=118&office_id=136&cand_id=1741,"County Commissioner, Dist. 1",3,ViewReport.aspx?type=CSV-AC&file_id=3137_3287_3466,Y
11/04/2008,Keyser,Janis,CFCandidateElections.aspx?cand_id=796,796,2008 Election Cycle,CFElectionFilings.aspx?elect_id=75&office_id=209&cand_id=796,"County Court Judge, Grp. 14",2,ViewReport.aspx?type=CSV-AC&file_id=1417_1566,Y
11/06/2012,Keyser,Janis,CFCandidateElections.aspx?cand_id=796,796,2012 Election Cycle,CFElectionFilings.aspx?elect_id=118&office_id=45&cand_id=796,"Circuit Court Judge, Grp. 6",0,,
11/02/2010,Koenig,Claudette,CFCandidateElections.aspx?cand_id=1792,1792,2010 Election Cycle,CFElectionFilings.aspx?elect_id=98&office_id=216&cand_id=1792,Port of Palm Beach Group 4,8,ViewReport.aspx?type=CSV-AC&file_id=2274_2393_2432_2486_2487_2485_2656_2660,Y
11/04/2008,Langowski,Greg,CFCandidateElections.aspx?cand_id=1242,1242,2008 Election Cycle,CFElectionFilings.aspx?elect_id=75&office_id=455&cand_id=1242,Northern Palm Beach County Improvement District Seat 5,2,ViewReport.aspx?type=CSV-AC&file_id=1543_1550,Y
11/02/2010,Ledewitz,Steven,CFCandidateElections.aspx?cand_id=1749,1749,2010 Election Cycle,CFElectionFilings.aspx?elect_id=98&office_id=146&cand_id=1749,"School Board, Dist. 3",6,ViewReport.aspx?type=CSV-AC&file_id=2264_2308_2412_2470_2469_2513,Y
11/02/2010,Lee,Sherry,CFCandidateElections.aspx?cand_id=1803,1803,2010 Election Cycle,CFElectionFilings.aspx?elect_id=98&office_id=140&cand_id=1803,"County Commissioner, Dist. 2",14,ViewReport.aspx?type=CSV-AC&file_id=2270_2343_2367_2507_2505_2504_2506_2613_2611_2641_2760_2759_2643_2762,Y
11/02/2010,Lemoine,Kenneth,CFCandidateElections.aspx?cand_id=866,866,2010 Election Cycle,CFElectionFilings.aspx?elect_id=98&office_id=72&cand_id=866,"Circuit Court Judge, Grp. 33",0,,
11/06/2012,Lemoine,Kenneth,CFCandidateElections.aspx?cand_id=866,866,2012 Election Cycle,CFElectionFilings.aspx?elect_id=118&office_id=199&cand_id=866,"County Court Judge, Grp. 4",6,ViewReport.aspx?type=CSV-AC&file_id=3615_3782_3827_4126_4127_4125,Y
11/02/2010,Levine,Lowell,CFCandidateElections.aspx?cand_id=1745,1745,2010 Election Cycle,CFElectionFilings.aspx?elect_id=98&office_id=147&cand_id=1745,"School Board, Dist. 4",8,ViewReport.aspx?type=CSV-AC&file_id=2201_2199_2329_2420_2458_2456_2704_2669,Y
11/06/2012,Levine,Lowell,CFCandidateElections.aspx?cand_id=1745,1745,2012 Election Cycle,CFElectionFilings.aspx?elect_id=118&office_id=144&cand_id=1745,"School Board, Dist. 1",10,ViewReport.aspx?type=CSV-AC&file_id=3154_3307_3522_3523_3717_3719_3835_3836_3845_3917,Y
11/08/2016,Levine,Manuel,CFCandidateElections.aspx?cand_id=2618,2618,2016 Election Cycle,CFElectionFilings.aspx?elect_id=140&office_id=148&cand_id=2618,"School Board, Dist. 5",4,ViewReport.aspx?type=CSV-AC&file_id=5668_5701_5742_5785,Y
11/06/2012,Levy,David,CFCandidateElections.aspx?cand_id=981,981,2012 Election Cycle,CFElectionFilings.aspx?elect_id=118&office_id=136&cand_id=981,"County Commissioner, Dist. 1",17,ViewReport.aspx?type=CSV-AC&file_id=3140_3162_3456_3734_3736_3750_3751_3816_3817_3855_3905_3950_3951_3952_3956_4004_4184,Y
11/02/2010,Littles,Robbie,CFCandidateElections.aspx?cand_id=522,522,2010 Election Cycle,CFElectionFilings.aspx?elect_id=98&office_id=139&cand_id=522,"County Commissioner, Dist. 7",3,ViewReport.aspx?type=CSV-AC&file_id=2234_2520_2508,Y
11/04/2008,Littles,Robbie,CFCandidateElections.aspx?cand_id=522,522,2008 Election Cycle,CFElectionFilings.aspx?elect_id=75&office_id=139&cand_id=522,"County Commissioner, Dist. 7",2,ViewReport.aspx?type=CSV-AC&file_id=1455_1763,Y
11/04/2014,Lopez,Shawn,CFCandidateElections.aspx?cand_id=2492,2492,2014 Election Cycle,CFElectionFilings.aspx?elect_id=123&office_id=221&cand_id=2492,Jupiter Inlet Commission District 4,9,ViewReport.aspx?type=CSV-AC&file_id=4754_4752_4804_4805_4886_4924_4992_5461_5490,Y
11/04/2008,Machek,Richard,CFCandidateElections.aspx?cand_id=216,216,2008 Election Cycle,CFElectionFilings.aspx?elect_id=75&office_id=133&cand_id=216,Property Appraiser,7,ViewReport.aspx?type=CSV-AC&file_id=1345_1371_1411_1473_1523_1583_1894,Y
11/06/2012,Marc,Maxo,CFCandidateElections.aspx?cand_id=2128,2128,2012 Election Cycle,CFElectionFilings.aspx?elect_id=118&office_id=134&cand_id=2128,Supervisor of Elections,5,ViewReport.aspx?type=CSV-AC&file_id=3537_3743_3804_3918_3933,Y
11/04/2008,Marcus,Karen,CFCandidateElections.aspx?cand_id=70,70,2008 Election Cycle,CFElectionFilings.aspx?elect_id=75&office_id=136&cand_id=70,"County Commissioner, Dist. 1",7,ViewReport.aspx?type=CSV-AC&file_id=1407_1456_1522_1594_1699_1808_1917,Y
11/04/2008,Margolis,Robert,CFCandidateElections.aspx?cand_id=683,683,2008 Election Cycle,CFElectionFilings.aspx?elect_id=75&office_id=134&cand_id=683,Supervisor of Elections,8,ViewReport.aspx?type=CSV-AC&file_id=1477_1603_1660_1737_1794_1835_1895_2030,Y
11/04/2008,Martin,Drew,CFCandidateElections.aspx?cand_id=574,574,2008 Election Cycle,CFElectionFilings.aspx?elect_id=75&office_id=224&cand_id=574,"Palm Beach Soil & Water Conservation, Grp. 2",8,ViewReport.aspx?type=CSV-AC&file_id=1552_1658_1659_1753_1798_1846_1882_2001,Y
11/06/2012,Martin,Drew,CFCandidateElections.aspx?cand_id=574,574,2012 Election Cycle,CFElectionFilings.aspx?elect_id=118&office_id=224&cand_id=574,Palm Beach Soil & Water Conservation Group 2,3,ViewReport.aspx?type=CSV-AC&file_id=3990_4033_4139,Y
11/04/2008,Martinez,Michael,CFCandidateElections.aspx?cand_id=300,300,2008 Election Cycle,CFElectionFilings.aspx?elect_id=75&office_id=218&cand_id=300,"Jupiter Inlet Commission, Dist. 1",0,,
11/06/2012,Martinez,Michael,CFCandidateElections.aspx?cand_id=300,300,2012 Election Cycle,CFElectionFilings.aspx?elect_id=118&office_id=218&cand_id=300,Jupiter Inlet Commission District 1,4,ViewReport.aspx?type=CSV-AC&file_id=3544_3770_3824_4079,Y
11/06/2012,Martinez,Felipe,CFCandidateElections.aspx?cand_id=2151,2151,2012 Election Cycle,CFElectionFilings.aspx?elect_id=118&office_id=232&cand_id=2151,Greater Boca Raton Beach & Park District Seat 5 (Outside City/ Within District),7,ViewReport.aspx?type=CSV-AC&file_id=3783_3830_4119_4120_4121_4122_4118,Y
11/04/2008,Martz,James,CFCandidateElections.aspx?cand_id=784,784,2008 Election Cycle,CFElectionFilings.aspx?elect_id=75&office_id=385&cand_id=784,"County Court Judge, Grp. 18",2,ViewReport.aspx?type=CSV-AC&file_id=1447_1528,Y
11/06/2012,Martz,James,CFCandidateElections.aspx?cand_id=784,784,2012 Election Cycle,CFElectionFilings.aspx?elect_id=118&office_id=65&cand_id=784,"Circuit Court Judge, Grp. 26",0,,
11/04/2008,Mastics,George,CFCandidateElections.aspx?cand_id=296,296,2008 Election Cycle,CFElectionFilings.aspx?elect_id=75&office_id=214&cand_id=296,"Port of Palm Beach, Grp. 2",7,ViewReport.aspx?type=CSV-AC&file_id=1373_1377_1439_1567_1577_1962_1978,Y
11/06/2012,Mastics,George,CFCandidateElections.aspx?cand_id=296,296,2012 Election Cycle,CFElectionFilings.aspx?elect_id=118&office_id=214&cand_id=296,Port of Palm Beach Group 2,7,ViewReport.aspx?type=CSV-AC&file_id=3146_3271_3332_3322_3708_3795_3884,Y
11/08/2016,Mastics,George,CFCandidateElections.aspx?cand_id=296,296,2016 Election Cycle,CFElectionFilings.aspx?elect_id=140&office_id=214&cand_id=296,Port of Palm Beach Group 2,0,,
11/04/2014,Mays,Kenneth,CFCandidateElections.aspx?cand_id=2491,2491,2014 Election Cycle,CFElectionFilings.aspx?elect_id=123&office_id=221&cand_id=2491,Jupiter Inlet Commission District 4,10,ViewReport.aspx?type=CSV-AC&file_id=4777_4778_4776_4834_4842_4932_4969_5044_5081_5118,Y
11/04/2014,McArthur,Peyton,CFCandidateElections.aspx?cand_id=2498,2498,2014 Election Cycle,CFElectionFilings.aspx?elect_id=123&office_id=217&cand_id=2498,Port of Palm Beach Group 5,15,ViewReport.aspx?type=CSV-AC&file_id=4650_4695_4780_4825_4879_4919_4954_5037_5124_5143_5205_5263_5300_5323_5493,Y
11/04/2008,McCracken,Thomas,CFCandidateElections.aspx?cand_id=1256,1256,2008 Election Cycle,CFElectionFilings.aspx?elect_id=75&office_id=213&cand_id=1256,"Port of Palm Beach, Grp. 1",8,ViewReport.aspx?type=CSV-AC&file_id=1489_1584_1674_1756_1819_1865_1893_1933,Y
11/06/2012,McDuffie,Nelson,CFCandidateElections.aspx?cand_id=2090,2090,2012 Election Cycle,CFElectionFilings.aspx?elect_id=118&office_id=134&cand_id=2090,Supervisor of Elections,5,ViewReport.aspx?type=CSV-AC&file_id=3319_3321_3584_3789_4106,Y
11/02/2010,McGovern,John,CFCandidateElections.aspx?cand_id=1252,1252,2010 Election Cycle,CFElectionFilings.aspx?elect_id=98&office_id=147&cand_id=1252,"School Board, Dist. 4",5,ViewReport.aspx?type=CSV-AC&file_id=2316_2394_2423_2680_2678,Y
11/04/2008,McGovern,John,CFCandidateElections.aspx?cand_id=1252,1252,2008 Election Cycle,CFElectionFilings.aspx?elect_id=75&office_id=147&cand_id=1252,"School Board, Dist. 4",9,ViewReport.aspx?type=CSV-AC&file_id=1500_1618_1682_1823_1864_1892_1761_1772_1992,Y
11/04/2008,McIntosh,Mike,CFCandidateElections.aspx?cand_id=1064,1064,2008 Election Cycle,CFElectionFilings.aspx?elect_id=75&office_id=224&cand_id=1064,"Palm Beach Soil & Water Conservation, Grp. 2",0,ViewReport.aspx?type=CSV-AC&file_id=1349_1401_1471,Y
11/04/2014,McKinlay,Melissa,CFCandidateElections.aspx?cand_id=2361,2361,2014 Election Cycle,CFElectionFilings.aspx?elect_id=123&office_id=138&cand_id=2361,"County Commissioner, Dist. 6",31,ViewReport.aspx?type=CSV-AC&file_id=4298_4326_4312_4355_4381_4396_4443_4417_4456_4436_4515_4569_4591_4693_4739_4790_4876_4878_4936_5015_5062_5148_5146_5222_5168_5229_5224_5268_5297_5517_5440,Y
11/04/2008,McKoy,Carl,CFCandidateElections.aspx?cand_id=188,188,2008 Election Cycle,CFElectionFilings.aspx?elect_id=75&office_id=137&cand_id=188,"County Commissioner, Dist. 3",14,ViewReport.aspx?type=CSV-AC&file_id=1356_1397_1563_1628_1663_1365_2058_1665_2057_1957_2055_2056_1565_1921,Y
11/04/2014,Mech,David,CFCandidateElections.aspx?cand_id=2485,2485,2014 Election Cycle,CFElectionFilings.aspx?elect_id=123&office_id=146&cand_id=2485,"School Board, Dist. 3",8,ViewReport.aspx?type=CSV-AC&file_id=4625_4645_4692_4812_4863_4923_4985_5022,Y
11/06/2012,Meyer,Steven,CFCandidateElections.aspx?cand_id=2007,2007,2012 Election Cycle,CFElectionFilings.aspx?elect_id=118&office_id=135&cand_id=2007,"County Commissioner, Dist. 5",13,ViewReport.aspx?type=CSV-AC&file_id=3317_3460_3583_3737_3861_4063_4065_4264_4067_4066_4064_3862_4068,Y
11/04/2008,Montross,Cliff,CFCandidateElections.aspx?cand_id=1082,1082,2008 Election Cycle,CFElectionFilings.aspx?elect_id=75&office_id=137&cand_id=1082,"County Commissioner, Dist. 3",3,ViewReport.aspx?type=CSV-AC&file_id=1444_1383_1630,Y
11/06/2012,Montross,Cliff,CFCandidateElections.aspx?cand_id=1082,1082,2012 Election Cycle,CFElectionFilings.aspx?elect_id=118&office_id=137&cand_id=1082,"County Commissioner, Dist. 3",7,ViewReport.aspx?type=CSV-AC&file_id=3532_3741_3810_3896_3947_4009_4054,Y
11/04/2014,Moore,Joseph,CFCandidateElections.aspx?cand_id=2444,2444,2014 Election Cycle,CFElectionFilings.aspx?elect_id=123&office_id=149&cand_id=2444,"School Board, Dist. 6",11,ViewReport.aspx?type=CSV-AC&file_id=4501_4521_4600_4654_4736_4797_4836_4903_4946_4981_5417,Y
11/06/2012,Murgio,Michael,CFCandidateElections.aspx?cand_id=2084,2084,2012 Election Cycle,CFElectionFilings.aspx?elect_id=118&office_id=144&cand_id=2084,"School Board, Dist. 1",19,ViewReport.aspx?type=CSV-AC&file_id=3293_3310_3529_3528_3545_3531_3723_3881_3847_3859_3899_3975_3987_3953_3992_4161_4160_4157_4182,Y
11/04/2008,Murphy,James,CFCandidateElections.aspx?cand_id=1259,1259,2008 Election Cycle,CFElectionFilings.aspx?elect_id=75&office_id=129&cand_id=1259,Sheriff,4,ViewReport.aspx?type=CSV-AC&file_id=1513_1574_1668_2054,Y
11/06/2012,Neuhoff,Rick,CFCandidateElections.aspx?cand_id=1340,1340,2012 Election Cycle,CFElectionFilings.aspx?elect_id=118&office_id=135&cand_id=1340,"County Commissioner, Dist. 5",14,ViewReport.aspx?type=CSV-AC&file_id=2729_2775_2890_3015_3135_3134_3150_3149_3342_3503_3787_3788_4077_4081,Y
11/02/2010,Nichols,Michael,CFCandidateElections.aspx?cand_id=1800,1800,2010 Election Cycle,CFElectionFilings.aspx?elect_id=98&office_id=238&cand_id=1800,Indian Trail Improvement District Seat 1,8,ViewReport.aspx?type=CSV-AC&file_id=2289_2355_2438_2537_2583_2600_2646_2709,Y
11/04/2008,Nikolits,Gary,CFCandidateElections.aspx?cand_id=64,64,2008 Election Cycle,CFElectionFilings.aspx?elect_id=75&office_id=133&cand_id=64,Property Appraiser,7,ViewReport.aspx?type=CSV-AC&file_id=1350_1388_1409_1450_1562_1579_1879,Y
11/06/2012,Nikolits,Gary,CFCandidateElections.aspx?cand_id=64,64,2012 Election Cycle,CFElectionFilings.aspx?elect_id=118&office_id=133&cand_id=64,Property Appraiser,6,ViewReport.aspx?type=CSV-AC&file_id=3290_3465_3551_3724_3860_3897,Y
11/04/2014,O'Brien,Andrew,CFCandidateElections.aspx?cand_id=2360,2360,2014 Election Cycle,CFElectionFilings.aspx?elect_id=123&office_id=141&cand_id=2360,"County Commissioner, Dist. 4",24,ViewReport.aspx?type=CSV-AC&file_id=4272_4306_4336_4364_4395_4434_4464_4526_4594_4644_4734_4786_4832_4885_4933_4970_5052_5126_5173_5212_5260_5289_5373_5513,Y
11/04/2008,O'Connor,Bridget,CFCandidateElections.aspx?cand_id=1276,1276,2008 Election Cycle,CFElectionFilings.aspx?elect_id=75&office_id=128&cand_id=1276,Clerk of the Circuit Court,3,ViewReport.aspx?type=CSV-AC&file_id=1538_1643_1681,Y
11/04/2008,O'Hara,Patrick,CFCandidateElections.aspx?cand_id=941,941,2008 Election Cycle,CFElectionFilings.aspx?elect_id=75&office_id=129&cand_id=941,Sheriff,4,ViewReport.aspx?type=CSV-AC&file_id=1330_1344_1385_1386,Y
11/02/2010,Oppel,Edward,CFCandidateElections.aspx?cand_id=299,299,2010 Election Cycle,CFElectionFilings.aspx?elect_id=98&office_id=217&cand_id=299,Port of Palm Beach Group 5,1,ViewReport.aspx?type=CSV-AC&file_id=2243,Y
11/04/2014,Oppel,Edward,CFCandidateElections.aspx?cand_id=299,299,2014 Election Cycle,CFElectionFilings.aspx?elect_id=123&office_id=217&cand_id=299,Port of Palm Beach Group 5,5,ViewReport.aspx?type=CSV-AC&file_id=4444_4502_4546_4601_4989,Y
11/04/2014,Panse,Robert,CFCandidateElections.aspx?cand_id=2261,2261,2014 Election Cycle,CFElectionFilings.aspx?elect_id=123&office_id=209&cand_id=2261,"County Court Judge, Grp. 14",3,ViewReport.aspx?type=CSV-AC&file_id=4457_4512_4568,Y
11/04/2008,Parkes-Brier,Evelyn,CFCandidateElections.aspx?cand_id=1260,1260,2008 Election Cycle,CFElectionFilings.aspx?elect_id=75&office_id=455&cand_id=1260,Northern Palm Beach County Improvement District Seat 5,9,ViewReport.aspx?type=CSV-AC&file_id=1555_1617_1695_1759_1800_1856_1902_2007_2010,Y
11/02/2010,Pearl,Elissa,CFCandidateElections.aspx?cand_id=1550,1550,2010 Election Cycle,CFElectionFilings.aspx?elect_id=98&office_id=138&cand_id=1550,"County Commissioner, Dist. 6",5,ViewReport.aspx?type=CSV-AC&file_id=2154_2155_2235_2135_2502,Y
11/06/2012,Perez,Nancy,CFCandidateElections.aspx?cand_id=794,794,2012 Election Cycle,CFElectionFilings.aspx?elect_id=118&office_id=200&cand_id=794,"County Court Judge, Grp. 5",1,ViewReport.aspx?type=CSV-AC&file_id=3493,Y
11/04/2014,Pinto,Fred,CFCandidateElections.aspx?cand_id=2293,2293,2014 Election Cycle,CFElectionFilings.aspx?elect_id=123&office_id=138&cand_id=2293,"County Commissioner, Dist. 6",10,ViewReport.aspx?type=CSV-AC&file_id=4280_4315_4344_4367_4409_4441_4503_4545_4583_5040,Y
11/06/2012,Powell,Tracey,CFCandidateElections.aspx?cand_id=2132,2132,2012 Election Cycle,CFElectionFilings.aspx?elect_id=118&office_id=213&cand_id=2132,Port of Palm Beach Group 1,10,ViewReport.aspx?type=CSV-AC&file_id=3549_3707_3803_3921_3922_3923_4014_4057_4215_4210,Y
11/08/2016,Proper,Jeremy,CFCandidateElections.aspx?cand_id=2636,2636,2016 Election Cycle,CFElectionFilings.aspx?elect_id=140&office_id=148&cand_id=2636,"School Board, Dist. 5",1,ViewReport.aspx?type=CSV-AC&file_id=5784,Y
11/04/2008,Richards,Wayne,CFCandidateElections.aspx?cand_id=295,295,2008 Election Cycle,CFElectionFilings.aspx?elect_id=75&office_id=213&cand_id=295,"Port of Palm Beach, Grp. 1",14,ViewReport.aspx?type=CSV-AC&file_id=1429_1475_1592_1593_1666_1730_1775_1744_1815_1857_1993_1994_2008_2070,Y
11/06/2012,Richards,Wayne,CFCandidateElections.aspx?cand_id=295,295,2012 Election Cycle,CFElectionFilings.aspx?elect_id=118&office_id=213&cand_id=295,Port of Palm Beach Group 1,20,ViewReport.aspx?type=CSV-AC&file_id=3011_3139_3296_3452_3461_3467_3464_3714_3749_3912_3934_3980_4023_4211_3484_3469_3748_4022_4212_4213,Y
11/08/2016,Richards,Wayne,CFCandidateElections.aspx?cand_id=295,295,2016 Election Cycle,CFElectionFilings.aspx?elect_id=140&office_id=213&cand_id=295,Port of Palm Beach Group 1,1,ViewReport.aspx?type=CSV-AC&file_id=5806,Y
11/02/2010,Riley,Bill,CFCandidateElections.aspx?cand_id=836,836,2010 Election Cycle,CFElectionFilings.aspx?elect_id=98&office_id=238&cand_id=836,Indian Trail Improvement District Seat 1,5,ViewReport.aspx?type=CSV-AC&file_id=2286_2345_2287_2407_2472,Y
11/02/2010,Robinson,Debra,CFCandidateElections.aspx?cand_id=294,294,2010 Election Cycle,CFElectionFilings.aspx?elect_id=98&office_id=150&cand_id=294,"School Board, Dist. 7",8,ViewReport.aspx?type=CSV-AC&file_id=2284_2354_2364_2418_2554_2555_2553_2661,Y
11/04/2014,Robinson,Debra,CFCandidateElections.aspx?cand_id=294,294,2014 Election Cycle,CFElectionFilings.aspx?elect_id=123&office_id=150&cand_id=294,"School Board, Dist. 7",18,ViewReport.aspx?type=CSV-AC&file_id=4528_4585_4631_4688_4686_4779_4815_4874_4870_4920_4960_5444_5445_5457_4873_5443_5442_5463,Y
11/04/2014,Rosensweig,Lawrence,CFCandidateElections.aspx?cand_id=2490,2490,2014 Election Cycle,CFElectionFilings.aspx?elect_id=123&office_id=147&cand_id=2490,"School Board, Dist. 4",15,ViewReport.aspx?type=CSV-AC&file_id=4635_4690_4691_4835_4837_4884_4967_4916_5045_5048_5049_5050_5296_5211_5128,Y
11/06/2012,Saltzburg,Christopher,CFCandidateElections.aspx?cand_id=2134,2134,2012 Election Cycle,CFElectionFilings.aspx?elect_id=118&office_id=218&cand_id=2134,Jupiter Inlet Commission District 1,4,ViewReport.aspx?type=CSV-AC&file_id=3784_3943_3986_3942,Y
11/02/2010,Santamaria,Jess,CFCandidateElections.aspx?cand_id=816,816,2010 Election Cycle,CFElectionFilings.aspx?elect_id=98&office_id=138&cand_id=816,"County Commissioner, Dist. 6",9,ViewReport.aspx?type=CSV-AC&file_id=2281_2319_2368_2461_2490_2561_2632_2728_2717,Y
11/04/2014,Santamaria,Michelle,CFCandidateElections.aspx?cand_id=2488,2488,2014 Election Cycle,CFElectionFilings.aspx?elect_id=123&office_id=138&cand_id=2488,"County Commissioner, Dist. 6",23,ViewReport.aspx?type=CSV-AC&file_id=4627_4656_4712_4758_4784_4822_4821_4895_4898_4927_5001_5055_5106_5053_5121_5164_5209_5210_5267_5287_5400_5511_5473,Y
11/02/2010,Scarborough,Sheryl,CFCandidateElections.aspx?cand_id=1661,1661,2010 Election Cycle,CFElectionFilings.aspx?elect_id=98&office_id=149&cand_id=1661,"School Board, Dist. 6",2,ViewReport.aspx?type=CSV-AC&file_id=2175_2211,Y
11/02/2010,Schaller,Andrew,CFCandidateElections.aspx?cand_id=1795,1795,2010 Election Cycle,CFElectionFilings.aspx?elect_id=98&office_id=138&cand_id=1795,"County Commissioner, Dist. 6",17,ViewReport.aspx?type=CSV-AC&file_id=2263_2304_2385_2531_2529_2545_2590_2615_2616_2655_2654_2659_2743_2767_2768_2766_2749,Y
11/04/2014,Schaller,Andrew,CFCandidateElections.aspx?cand_id=1795,1795,2014 Election Cycle,CFElectionFilings.aspx?elect_id=123&office_id=138&cand_id=1795,"County Commissioner, Dist. 6",27,ViewReport.aspx?type=CSV-AC&file_id=4296_4323_4374_4401_4445_4506_4507_4513_4610_4674_4675_4740_4807_4869_4843_4951_4950_5067_5068_5198_5199_5243_5274_5399_5304_5402_5518,Y
11/02/2010,Schiavo,Marilyn,CFCandidateElections.aspx?cand_id=1675,1675,2010 Election Cycle,CFElectionFilings.aspx?elect_id=98&office_id=147&cand_id=1675,"School Board, Dist. 4",9,ViewReport.aspx?type=CSV-AC&file_id=2218_2295_2348_2162_2410_2411_2673_2670_2460,Y
11/04/2008,Schmidt,Bradford,CFCandidateElections.aspx?cand_id=1269,1269,2008 Election Cycle,CFElectionFilings.aspx?elect_id=75&office_id=222&cand_id=1269,"Jupiter Inlet Commission, Dist. 5",8,ViewReport.aspx?type=CSV-AC&file_id=1788_1789_1790_1791_1792_1863_1898_2053,Y
11/06/2012,Schuler,Allison,CFCandidateElections.aspx?cand_id=2150,2150,2012 Election Cycle,CFElectionFilings.aspx?elect_id=118&office_id=132&cand_id=2150,Tax Collector,8,ViewReport.aspx?type=CSV-AC&file_id=3563_3745_3805_3907_3967_4008_4055_4174,Y
11/04/2014,Self,David,CFCandidateElections.aspx?cand_id=2263,2263,2014 Election Cycle,CFElectionFilings.aspx?elect_id=123&office_id=223&cand_id=2263,Palm Beach Soil & Water Conservation Group 1,3,ViewReport.aspx?type=CSV-AC&file_id=4557_4611_4671,Y
11/02/2010,Shaw,Charles,CFCandidateElections.aspx?cand_id=1744,1744,2010 Election Cycle,CFElectionFilings.aspx?elect_id=98&office_id=145&cand_id=1744,"School Board, Dist. 2",7,ViewReport.aspx?type=CSV-AC&file_id=2185_2244_2336_2395_2677_2664_2668,Y
11/06/2012,Shaw,Charles,CFCandidateElections.aspx?cand_id=1744,1744,2012 Election Cycle,CFElectionFilings.aspx?elect_id=118&office_id=145&cand_id=1744,"School Board, Dist. 2",4,ViewReport.aspx?type=CSV-AC&file_id=3152_3289_3482_3813,Y
11/02/2010,Shepherd,Caroline,CFCandidateElections.aspx?cand_id=1585,1585,2010 Election Cycle,CFElectionFilings.aspx?elect_id=98&office_id=208&cand_id=1585,"County Court Judge, Grp. 13",1,ViewReport.aspx?type=CSV-AC&file_id=2342,Y
11/02/2010,Sitnek,Gregory,CFCandidateElections.aspx?cand_id=1775,1775,2010 Election Cycle,CFElectionFilings.aspx?elect_id=98&office_id=240&cand_id=1775,Indian Trail Improvement District Seat 3,14,ViewReport.aspx?type=CSV-AC&file_id=2313_2365_2413_2489_2570_2622_2665_2628_2414_2627_2730_2710_2731_2621,Y
11/04/2008,Smith,Dirk,CFCandidateElections.aspx?cand_id=314,314,2008 Election Cycle,CFElectionFilings.aspx?elect_id=75&office_id=232&cand_id=314,"Greater Boca Raton Beach & Park District, Seat 5",4,ViewReport.aspx?type=CSV-AC&file_id=1530_1586_1587_1724,Y
11/06/2012,Stahman,Charles,CFCandidateElections.aspx?cand_id=2129,2129,2012 Election Cycle,CFElectionFilings.aspx?elect_id=118&office_id=133&cand_id=2129,Property Appraiser,4,ViewReport.aspx?type=CSV-AC&file_id=3546_3558_3559_3882,Y
11/04/2008,Starkoff,Earl,CFCandidateElections.aspx?cand_id=312,312,2008 Election Cycle,CFElectionFilings.aspx?elect_id=75&office_id=230&cand_id=312,"Greater Boca Raton Beach & Park District, Seat 3",11,ViewReport.aspx?type=CSV-AC&file_id=1503_1638_1635_1657_1935_1941_1940_1943_1965_1966_1942,Y
11/06/2012,Starkoff,Earl,CFCandidateElections.aspx?cand_id=312,312,2012 Election Cycle,CFElectionFilings.aspx?elect_id=118&office_id=230&cand_id=312,Greater Boca Raton Beach & Park District Seat 3 (Within City/ Within District),0,,
11/06/2012,Stein,Peter,CFCandidateElections.aspx?cand_id=2135,2135,2012 Election Cycle,CFElectionFilings.aspx?elect_id=118&office_id=639&cand_id=2135,Northern Improvement District Seat #4,4,ViewReport.aspx?type=CSV-AC&file_id=4051_4052_4166_4167,Y
11/04/2008,Stephens,Debra,CFCandidateElections.aspx?cand_id=282,282,2008 Election Cycle,CFElectionFilings.aspx?elect_id=75&office_id=207&cand_id=282,"County Court Judge, Grp. 12",2,ViewReport.aspx?type=CSV-AC&file_id=1424_1516,Y
11/04/2014,Stephens,Debra,CFCandidateElections.aspx?cand_id=282,282,2014 Election Cycle,CFElectionFilings.aspx?elect_id=123&office_id=207&cand_id=282,"County Court Judge, Grp. 12",3,ViewReport.aspx?type=CSV-AC&file_id=4477_4553_4554,Y
11/04/2008,Sturmthal,Kelly,CFCandidateElections.aspx?cand_id=1246,1246,2008 Election Cycle,CFElectionFilings.aspx?elect_id=75&office_id=144&cand_id=1246,"School Board, Dist. 1",6,ViewReport.aspx?type=CSV-AC&file_id=1517_1605_1661_1720_1721_1776,Y
11/02/2010,Sullivan,Jane,CFCandidateElections.aspx?cand_id=799,799,2010 Election Cycle,CFElectionFilings.aspx?elect_id=98&office_id=202&cand_id=799,"County Court Judge, Grp. 7",7,ViewReport.aspx?type=CSV-AC&file_id=2215_2312_2356_2440_2675_2676_2674,Y
11/06/2012,Sullivan,Jane,CFCandidateElections.aspx?cand_id=799,799,2012 Election Cycle,CFElectionFilings.aspx?elect_id=118&office_id=201&cand_id=799,"County Court Judge, Grp. 6",6,ViewReport.aspx?type=CSV-AC&file_id=3329_3530_3648_3806_3906_3939,Y
11/04/2014,Sutterfield,Thomas,CFCandidateElections.aspx?cand_id=2446,2446,2014 Election Cycle,CFElectionFilings.aspx?elect_id=123&office_id=147&cand_id=2446,"School Board, Dist. 4",21,ViewReport.aspx?type=CSV-AC&file_id=4494_4541_4536_4566_4605_4608_4648_4730_4795_4838_4943_4944_5060_5073_5061_5180_5181_5237_5269_5301_5528,Y
11/04/2014,Suverison,Richard,CFCandidateElections.aspx?cand_id=2457,2457,2014 Election Cycle,CFElectionFilings.aspx?elect_id=123&office_id=225&cand_id=2457,Palm Beach Soil & Water Conservation Group 3,2,ViewReport.aspx?type=CSV-AC&file_id=4524_4590,Y
11/06/2012,Talley,Joe,CFCandidateElections.aspx?cand_id=2083,2083,2012 Election Cycle,CFElectionFilings.aspx?elect_id=118&office_id=129&cand_id=2083,Sheriff,5,ViewReport.aspx?type=CSV-AC&file_id=3313_3514_3746_3766_4114,Y
11/02/2010,Taylor,Priscilla,CFCandidateElections.aspx?cand_id=218,218,2010 Election Cycle,CFElectionFilings.aspx?elect_id=98&office_id=139&cand_id=218,"County Commissioner, Dist. 7",12,ViewReport.aspx?type=CSV-AC&file_id=2132_2133_2172_2202_2309_2333_2428_2511_2526_2605_2608_2742,Y
11/04/2008,Taylor,Priscilla,CFCandidateElections.aspx?cand_id=218,218,2008 Election Cycle,CFElectionFilings.aspx?elect_id=75&office_id=26&cand_id=218,"State Representative, Dist. 84",0,,
11/06/2012,Taylor,Priscilla,CFCandidateElections.aspx?cand_id=218,218,2012 Election Cycle,CFElectionFilings.aspx?elect_id=118&office_id=139&cand_id=218,"County Commissioner, Dist. 7",6,ViewReport.aspx?type=CSV-AC&file_id=3025_3273_3275_3872_4232_4233,Y
11/08/2016,Tendrich,Gregory,CFCandidateElections.aspx?cand_id=2634,2634,2016 Election Cycle,CFElectionFilings.aspx?elect_id=140&office_id=210&cand_id=2634,"County Court Judge, Grp. 15",2,ViewReport.aspx?type=CSV-AC&file_id=5771_5780,Y
11/06/2012,Thayer,Tom,CFCandidateElections.aspx?cand_id=2123,2123,2012 Election Cycle,CFElectionFilings.aspx?elect_id=118&office_id=232&cand_id=2123,Greater Boca Raton Beach & Park District Seat 5 (Outside City/ Within District),8,ViewReport.aspx?type=CSV-AC&file_id=3614_3752_3808_3915_3971_4003_4053_4084,Y
11/04/2014,Theus,Kesnel,CFCandidateElections.aspx?cand_id=2480,2480,2014 Election Cycle,CFElectionFilings.aspx?elect_id=123&office_id=217&cand_id=2480,Port of Palm Beach Group 5,24,ViewReport.aspx?type=CSV-AC&file_id=4756_4755_4803_4848_4914_4941_5004_4659_5003_5005_5006_5035_5113_5114_5007_5109_5141_5169_5213_5261_5310_4649_5543_5510,Y
11/08/2016,Thomas,Cedrick,CFCandidateElections.aspx?cand_id=817,817,2016 Election Cycle,CFElectionFilings.aspx?elect_id=140&office_id=139&cand_id=817,"County Commissioner, Dist. 7",4,ViewReport.aspx?type=CSV-AC&file_id=5603_5624_5640_5674,Y
11/06/2012,Thompson,Samuel,CFCandidateElections.aspx?cand_id=2013,2013,2012 Election Cycle,CFElectionFilings.aspx?elect_id=118&office_id=129&cand_id=2013,Sheriff,5,ViewReport.aspx?type=CSV-AC&file_id=3458_3865_3294_3877_3878,Y
11/08/2016,Thompson,Samuel,CFCandidateElections.aspx?cand_id=2013,2013,2016 Election Cycle,CFElectionFilings.aspx?elect_id=140&office_id=129&cand_id=2013,Sheriff,19,ViewReport.aspx?type=CSV-AC&file_id=4596_4725_4921_5079_5244_5245_5480_5501_5539_5554_5555_5576_5598_5619_5658_5678_5712_5772_5800,Y
11/06/2012,Tocker,Paul,CFCandidateElections.aspx?cand_id=2042,2042,2012 Election Cycle,CFElectionFilings.aspx?elect_id=118&office_id=135&cand_id=2042,"County Commissioner, Dist. 5",11,ViewReport.aspx?type=CSV-AC&file_id=3340_3492_3712_3747_3792_3885_3932_3981_3999_4094_4185,Y
11/04/2008,Valeche,Hal,CFCandidateElections.aspx?cand_id=1040,1040,2008 Election Cycle,CFElectionFilings.aspx?elect_id=75&office_id=4&cand_id=1040,"U.S. Representative, Dist. 16",0,,
11/06/2012,Valeche,Hal,CFCandidateElections.aspx?cand_id=1040,1040,2012 Election Cycle,CFElectionFilings.aspx?elect_id=118&office_id=136&cand_id=1040,"County Commissioner, Dist. 1",11,ViewReport.aspx?type=CSV-AC&file_id=3014_3148_3334_3553_3760_3809_3873_3936_3988_4024_4208,Y
11/08/2016,Valeche,Hal,CFCandidateElections.aspx?cand_id=1040,1040,2016 Election Cycle,CFElectionFilings.aspx?elect_id=140&office_id=136&cand_id=1040,"County Commissioner, Dist. 1",1,ViewReport.aspx?type=CSV-AC&file_id=5763,Y
11/04/2008,Van Istendal,Ted,CFCandidateElections.aspx?cand_id=829,829,2008 Election Cycle,CFElectionFilings.aspx?elect_id=75&office_id=239&cand_id=829,Indian Trail Improvement District Seat 2,8,ViewReport.aspx?type=CSV-AC&file_id=1537_1624_1683_1745_1796_1862_1897_2069,Y
11/04/2008,Vana,Shelley,CFCandidateElections.aspx?cand_id=105,105,2008 Election Cycle,CFElectionFilings.aspx?elect_id=75&office_id=137&cand_id=105,"County Commissioner, Dist. 3",12,ViewReport.aspx?type=CSV-AC&file_id=1337_1361_1403_1443_1600_1564_1595_1700_1740_1816_1844_2005,Y
11/06/2012,Vana,Shelley,CFCandidateElections.aspx?cand_id=105,105,2012 Election Cycle,CFElectionFilings.aspx?elect_id=118&office_id=137&cand_id=105,"County Commissioner, Dist. 3",9,ViewReport.aspx?type=CSV-AC&file_id=3300_3471_3618_3794_3843_3895_3963_4002_4083,Y
11/08/2016,Vana,Shelley,CFCandidateElections.aspx?cand_id=105,105,2016 Election Cycle,CFElectionFilings.aspx?elect_id=140&office_id=133&cand_id=105,Property Appraiser,5,ViewReport.aspx?type=CSV-AC&file_id=5634_5639_5676_5714_5741,Y
11/04/2008,Wade,Elizabeth,CFCandidateElections.aspx?cand_id=590,590,2008 Election Cycle,CFElectionFilings.aspx?elect_id=75&office_id=139&cand_id=590,"County Commissioner, Dist. 7",20,ViewReport.aspx?type=CSV-AC&file_id=1452_1559_1560_1650_1751_1752_1814_1855_2014_2015_2016_1558_2018_2019_2020_2021_2022_2023_2024_2068,Y
11/08/2016,Waldron,Katherine,CFCandidateElections.aspx?cand_id=2560,2560,2016 Election Cycle,CFElectionFilings.aspx?elect_id=140&office_id=214&cand_id=2560,Port of Palm Beach Group 2,2,ViewReport.aspx?type=CSV-AC&file_id=5775_5783,Y
11/04/2008,Walker,Cleamond,CFCandidateElections.aspx?cand_id=1048,1048,2008 Election Cycle,CFElectionFilings.aspx?elect_id=75&office_id=129&cand_id=1048,Sheriff,9,ViewReport.aspx?type=CSV-AC&file_id=1372_1430_1570_1702_1704_2087_1368_2105_1977,Y
11/06/2012,Walker,Cleamond,CFCandidateElections.aspx?cand_id=1048,1048,2012 Election Cycle,CFElectionFilings.aspx?elect_id=118&office_id=129&cand_id=1048,Sheriff,10,ViewReport.aspx?type=CSV-AC&file_id=2887_3029_3151_3341_3538_3738_3739_3812_3945_3946,Y
11/08/2016,Walker,Cleamond,CFCandidateElections.aspx?cand_id=1048,1048,2016 Election Cycle,CFElectionFilings.aspx?elect_id=140&office_id=129&cand_id=1048,Sheriff,5,ViewReport.aspx?type=CSV-AC&file_id=5673_5702_5751_5752_5792,Y
11/04/2008,Walker,Patricia,CFCandidateElections.aspx?cand_id=1261,1261,2008 Election Cycle,CFElectionFilings.aspx?elect_id=75&office_id=222&cand_id=1261,"Jupiter Inlet Commission, Dist. 5",12,ViewReport.aspx?type=CSV-AC&file_id=1718_1717_1719_1787_1785_1786_1860_1884_1888_1886_1883_1996,Y
11/06/2012,Walker,Patricia,CFCandidateElections.aspx?cand_id=1261,1261,2012 Election Cycle,CFElectionFilings.aspx?elect_id=118&office_id=222&cand_id=1261,Jupiter Inlet Commission District 5,0,,
11/04/2008,Warwick,Tom,CFCandidateElections.aspx?cand_id=304,304,2008 Election Cycle,CFElectionFilings.aspx?elect_id=75&office_id=222&cand_id=304,"Jupiter Inlet Commission, Dist. 5",12,ViewReport.aspx?type=CSV-AC&file_id=1531_1582_1784_1813_1874_1707_1736_1915_1968_1913_1914_2009,Y
11/02/2010,Webb,Eva,CFCandidateElections.aspx?cand_id=309,309,2010 Election Cycle,CFElectionFilings.aspx?elect_id=98&office_id=227&cand_id=309,Palm Beach Soil & Water Conservation Group 5,0,,
11/04/2014,Webb,Eva,CFCandidateElections.aspx?cand_id=309,309,2014 Election Cycle,CFElectionFilings.aspx?elect_id=123&office_id=227&cand_id=309,Palm Beach Soil & Water Conservation Group 5,1,ViewReport.aspx?type=CSV-AC&file_id=5524,Y
11/04/2014,Webster,Martha,CFCandidateElections.aspx?cand_id=1119,1119,2014 Election Cycle,CFElectionFilings.aspx?elect_id=123&office_id=138&cand_id=1119,"County Commissioner, Dist. 6",1,ViewReport.aspx?type=CSV-AC&file_id=4293,Y
11/06/2012,Weinroth,Robert,CFCandidateElections.aspx?cand_id=2016,2016,2012 Election Cycle,CFElectionFilings.aspx?elect_id=118&office_id=133&cand_id=2016,Property Appraiser,9,ViewReport.aspx?type=CSV-AC&file_id=3323_3496_3612_3775_3536_3735_3889_3892_3893,Y
11/04/2014,Weiss,Daliah,CFCandidateElections.aspx?cand_id=2262,2262,2014 Election Cycle,CFElectionFilings.aspx?elect_id=123&office_id=385&cand_id=2262,"County Court Judge, Grp. 18",10,ViewReport.aspx?type=CSV-AC&file_id=4397_4447_4455_4499_4532_4618_4533_4624_4620_4617,Y
11/02/2010,Whatley,Tom,CFCandidateElections.aspx?cand_id=1665,1665,2010 Election Cycle,CFElectionFilings.aspx?elect_id=98&office_id=146&cand_id=1665,"School Board, Dist. 3",8,ViewReport.aspx?type=CSV-AC&file_id=2176_2222_2228_2303_2386_2435_2687_2705,Y
11/04/2014,Whitfield,Erica,CFCandidateElections.aspx?cand_id=2382,2382,2014 Election Cycle,CFElectionFilings.aspx?elect_id=123&office_id=147&cand_id=2382,"School Board, Dist. 4",25,ViewReport.aspx?type=CSV-AC&file_id=4437_4440_4511_4573_4632_4633_4763_4814_4831_4896_4964_5031_5056_5078_5131_5153_5177_5152_5151_5167_5215_5278_5342_5492_5471,Y
11/04/2008,Williams,Jonathan,CFCandidateElections.aspx?cand_id=1255,1255,2008 Election Cycle,CFElectionFilings.aspx?elect_id=75&office_id=144&cand_id=1255,"School Board, Dist. 1",12,ViewReport.aspx?type=CSV-AC&file_id=1476_1568_1561_1611_1649_1675_1972_1973_1974_1975_1971_2067,Y
11/08/2016,Williams,Clarence,CFCandidateElections.aspx?cand_id=2614,2614,2016 Election Cycle,CFElectionFilings.aspx?elect_id=140&office_id=139&cand_id=2614,"County Commissioner, Dist. 7",6,ViewReport.aspx?type=CSV-AC&file_id=5671_5697_5755_5766_5816_5823,Y
11/02/2010,Young,Ronald,CFCandidateElections.aspx?cand_id=1766,1766,2010 Election Cycle,CFElectionFilings.aspx?elect_id=98&office_id=149&cand_id=1766,"School Board, Dist. 6",5,ViewReport.aspx?type=CSV-AC&file_id=2249_2294_2334_2372_2686,Y